page_no,preceding_text,link_text,link_destination,link_domain,is_jade_link,is_sublink
2,the arguments of counsel (RPS v The Queen (2000)199 CLR,620; [2000]HCA 3)’.,https://anzlaw.thomsonreuters.com/Document/Idb17678087b311e8aca5bab3c9b3f468/View/FullText.html?transitionType=Default&contextData=(sc.Default)&VR=3.0&RS=cblt1.0,thomsonreuters,False,False
3,"See further R v Chai (2002)76 ALJR 628, 632 [18];",[2002]HCA 12.,https://www.hcourt.gov.au/sites/default/files/eresources/2002/HCA/12.pdf,hcourt,False,False
3,"said in RPS v The Queen (2000)199 CLR 620, 637;",[2000]HCA 3,https://www.hcourt.gov.au/sites/default/files/eresources/2000/HCA/3.pdf,hcourt,FALSE,FALSE
9,the guilty plea as an admission (See R v Rogers,[2013]QCA 52,http://archive.sclqld.org.au/qjudgment/2013/QCA13-052.pdf,sclqld,FALSE,FALSE
13,46(3) of the Jury Act 1995 and R v MacGowan,[2014]QSC 277).,https://archive.sclqld.org.au/qjudgment/2014/QSC14-277.pdf,sclqld,FALSE,FALSE
17,436 and R v Oulds (2014)244 A Crim R 443;,[2014]QCA 223.,https://archive.sclqld.org.au/qjudgment/2014/QCA14-223.pdf,sclqld,False,False
17,[1985]HCA 35; R v Soma (2001)122 A Crim R 537;,[2001]QCA 263.,https://archive.sclqld.org.au/qjudgment/2001/QCA01-263.pdf,sclqld,FALSE,FALSE
18,whom Morrison JA and Atkinson J agreed)in R v Gathercole,"[2016]QCA 336,",https://archive.sclqld.org.au/qjudgment/2016/QCA16-336.pdf,sclqld,FALSE,FALSE
18,of a prosecutor is set out in R v Smith,"[2007]QCA 447,",https://archive.sclqld.org.au/qjudgment/2007/QCA07-447.pdf,sclqld,FALSE,FALSE
19,"Opinions In R v Callaghan [1994]2 Qd R 300, 306;","[1993]QCA 419,",https://archive.sclqld.org.au/qjudgment/1993/QCA93-419.pdf,sclqld,FALSE,FALSE
19,a contestant’. Intemperate or Inflammatory Language In R v Smith,"[2007]QCA 447,",https://archive.sclqld.org.au/qjudgment/2007/QCA07-447.pdf,sclqld,FALSE,FALSE
20,"address. In R v Lewis [1994]1 Qd R 613, 627;","[1992]QCA 223,",https://archive.sclqld.org.au/qjudgment/1992/QCA92-223.pdf,sclqld,FALSE,FALSE
20,Final Address R v Smith (2007)179 A Crim R 453;,[2007]QCA 447:,https://archive.sclqld.org.au/qjudgment/2007/QCA07-447.pdf,sclqld,FALSE,FALSE
20,"credit, amounted to a miscarriage of justice. R v Gathercole",[2016]QCA 336:,https://archive.sclqld.org.au/qjudgment/2016/QCA16-336.pdf,sclqld,FALSE,FALSE
21,to follow an impermissible path of reasoning’. R v PBC,[2019]QCA 28:,https://archive.sclqld.org.au/qjudgment/2019/QCA19-028.pdf,sclqld,FALSE,FALSE
22,a fair trial cannot be ensured (See R v Miller,[2007]QCA 373).,https://archive.sclqld.org.au/qjudgment/2007/QCA07-373.pdf,sclqld,FALSE,FALSE
22,1995. See also Smith v The Queen (2015)255 CLR 161;,"[2015]HCA 27,",https://www.hcourt.gov.au/sites/default/files/eresources/2015/HCA/27.pdf,hcourt,FALSE,FALSE
22,"unmistakeable terms. See Wu v The Queen (1999)199 CLR 99,134[103];","[1999]HCA 52,",https://www.hcourt.gov.au/sites/default/files/eresources/2025-10-30/HCA/Wu%20v%20The%20Queen%20%28S22-1999%29%20%5B1999%5D%20HCA%2052.pdf,hcourt,FALSE,FALSE
23,disclosed in open court. See R v Millar (No 2),"[2013]QCA 29,",https://archive.sclqld.org.au/qjudgment/2013/QCA13-029.pdf,sclqld,FALSE,FALSE
27,Remarks In R v Oulds (2014)244 A Crim R 443;,"[2014]QCA 223,",https://archive.sclqld.org.au/qjudgment/2014/QCA14-223.pdf,sclqld,FALSE,FALSE
28,"provide, then it should be given to them(R v Rope",[2010]QCA 194).,https://archive.sclqld.org.au/qjudgment/2010/QCA10-194.pdf,sclqld,FALSE,FALSE
28,direction is being contemplated(Smith v The Queen (2015)255 CLR 161;,"[2015]HCA 27,",https://www.hcourt.gov.au/sites/default/files/eresources/2015/HCA/27.pdf,hcourt,FALSE,FALSE
28,approach of the majority was approved in R v Lyall,[2016]QCA 350,https://archive.sclqld.org.au/qjudgment/2016/QCA16-350.pdf,sclqld,FALSE,FALSE
39,reliability of the evidence that they are giving(R v Taylor,"[2017]QCA 169,",https://archive.sclqld.org.au/qjudgment/2017/QCA17-169.pdf,sclqld,FALSE,FALSE
39,"[2007]2 Qd R 462, 469 [11]; R v Taylor [2017]","QCA 169,",https://archive.sclqld.org.au/qjudgment/2017/QCA17-169.pdf,sclqld,FALSE,FALSE
39,"v Taylor [2017] QCA 169, [16]. Cf R v LAK","[2018]QCA 30,",https://archive.sclqld.org.au/qjudgment/2018/QCA18-030.pdf,sclqld,FALSE,FALSE
39,Qd R 283; Gately v The Queen (2007)232 CLR 208;,[2007]HCA 55);,https://www.hcourt.gov.au/sites/default/files/eresources/2007/HCA/55.pdf,hcourt,FALSE,FALSE
40,usually go into the jury room (Cf R v Peniamina,"[2018]QSC 283,",https://archive.sclqld.org.au/qjudgment/2018/QSC18-283.pdf,sclqld,FALSE,FALSE
40,"[2007]2 Qd R 462, 470 [14]. Cf R v OT","[2017]QCA 257,",https://archive.sclqld.org.au/qjudgment/2017/QCA17-257.pdf,sclqld,FALSE,FALSE
44,a fair trial (MacPherson v The Queen (1981)147 CLR 512;,[1981]HCA 46).,https://www.austlii.edu.au/cgi-bin/viewdoc/au/cases/cth/HCA/1981/46.html,austlii,FALSE,FALSE
44,(R v Bellino [1993]1 Qd R 521; R v Bell,[2004]QCA 219).,http://archive.sclqld.org.au/qjudgment/2004/QCA04-219.pdf,sclqld,False,False
53,the court and to his counsel’. In R v M,"[2002]QCA 464,",https://archive.sclqld.org.au/qjudgment/2002/QCA02-464.pdf,sclqld,FALSE,FALSE
57,(R v BBR [2010]1 Qd R 546; R v MBT,[2012]QCA 343).,http://archive.sclqld.org.au/qjudgment/2012/QCA12-343.pdf,sclqld,FALSE,FALSE
58,(R v BBR [2010]1 Qd R 546; R v MBT,[2012]QCA 343).,http://archive.sclqld.org.au/qjudgment/2012/QCA12-343.pdf,sclqld,FALSE,FALSE
58,Act 1977 (see R v SCJ; Ex parte Attorney-General (Qld),[2015]QCA 123).,http://archive.sclqld.org.au/qjudgment/2015/QCA15-123.pdf,sclqld,FALSE,FALSE
61,"law(see R v Bisht (2013)234 A Crim R 309, [49];","[2013]QCA 238,",http://archive.sclqld.org.au/qjudgment/2013/QCA13-238.pdf,sclqld,FALSE,FALSE
70,required directions may result in a retrial(see R v SAW,[2006]QCA,http://archive.sclqld.org.au/qjudgment/2006/QCA06-378.pdf,sclqld,FALSE,FALSE
70,directions may result in a retrial(see R v SAW [2006]QCA,378;,http://archive.sclqld.org.au/qjudgment/2006/QCA06-378.pdf,sclqld,FALSE,FALSE
70,a retrial(see R v SAW [2006]QCA 378; R v DM,[2006]QCA 79;,http://archive.sclqld.org.au/qjudgment/2006/QCA06-079.pdf,sclqld,FALSE,FALSE
70,[2006]QCA 378; R v DM [2006]QCA 79; R v HAB,[2006]QCA 80;,http://archive.sclqld.org.au/qjudgment/2006/QCA06-080.pdf,sclqld,False,False
70,(2008)191 A Crim R 264; [2008]QCA 381; R v Horvarth,[2013]QCA 196).,http://archive.sclqld.org.au/qjudgment/2013/QCA13-196.pdf,sclqld,FALSE,FALSE
71,"[113]; R v HCS [2024]QCA 193, citing R v Nijamuddin",[2012]QCA 124).,http://archive.sclqld.org.au/qjudgment/2012/QCA12-124.pdf,sclqld,False,False
71,(2007)173 A Crim R 385; [2007]QCA 255; R v PBO,[2024]QCA 238).,https://archive.sclqld.org.au/qjudgment/2024/QCA24-238.pdf,sclqld,FALSE,FALSE
71,depend on the circumstances of the case. (R v PBO,[2024]QCA 238,https://archive.sclqld.org.au/qjudgment/2024/QCA24-238.pdf,sclqld,FALSE,FALSE
71,"Gately v The Queen (2007)232 CLR 208, R v Enright",[2023]QCA 89,https://archive.sclqld.org.au/qjudgment/2023/QCA23-089.pdf,sclqld,FALSE,FALSE
71,"R v Enright [2023]QCA 89 at [74]-[75], R v LAK",[2018]QCA 30,https://archive.sclqld.org.au/qjudgment/2018/QCA18-030.pdf,sclqld,False,False
75,(2007)173 A Crim R 385; [2007]QCA 255; R v PBO,[2024]QCA 238).,https://archive.sclqld.org.au/qjudgment/2024/QCA24-238.pdf,sclqld,FALSE,FALSE
75,depend on the circumstances of each case. (R v PBO,"[2024]QCA 238,",https://archive.sclqld.org.au/qjudgment/2024/QCA24-238.pdf,sclqld,False,False
75,Queen (2007)232 CLR 208; [2007]HCA 55; R v Enright [2023],"QCA 89,",https://archive.sclqld.org.au/qjudgment/2023/QCA23-089.pdf,sclqld,FALSE,FALSE
75,"R v Enright [2023] QCA 89, [74]-[75]; R v LAK","[2018]QCA 30,",https://archive.sclqld.org.au/qjudgment/2018/QCA18-030.pdf,sclqld,FALSE,FALSE
78,balance and fairness of the trial. In R v PBO,"[2024]QCA 238,",https://archive.sclqld.org.au/qjudgment/2024/QCA24-238.pdf,sclqld,FALSE,FALSE
78,evidence as necessary to ensure fairness and balance(R v PBO,"[2024]QCA 238,",https://archive.sclqld.org.au/qjudgment/2024/QCA24-238.pdf,sclqld,FALSE,FALSE
78,all the evidence in the case while deliberating(R v PBO,[2024]QCA,https://archive.sclqld.org.au/qjudgment/2024/QCA24-238.pdf,sclqld,FALSE,FALSE
78,the evidence in the case while deliberating(R v PBO [2024]QCA,"238,",https://archive.sclqld.org.au/qjudgment/2024/QCA24-238.pdf,sclqld,FALSE,FALSE
78,will depend on the circumstances of each case(R v PBO,"[2024]QCA 238,",https://archive.sclqld.org.au/qjudgment/2024/QCA24-238.pdf,sclqld,FALSE,FALSE
82,resulted in an error of law in R v Bisht,"[2013]QCA 238,",http://archive.sclqld.org.au/qjudgment/2013/QCA13-238.pdf,sclqld,FALSE,FALSE
82,"R v Bisht [2013]QCA 238, [49] and R v Little","[2013]QCA 223,",http://archive.sclqld.org.au/qjudgment/2013/QCA13-223.pdf,sclqld,FALSE,FALSE
85,leave has been given under s 17 (R v Baira,"[2009]QCA 332,",http://archive.sclqld.org.au/qjudgment/2009/QCA09-332.pdf,sclqld,FALSE,FALSE
85,of the entirety of any document containing it(R v Baira,"[2009]QCA 332,",http://archive.sclqld.org.au/qjudgment/2009/QCA09-332.pdf,sclqld,FALSE,FALSE
86,"possible circumstances relevant to the evaluation, see R v Bradley",[2013]QCA 163.,http://archive.sclqld.org.au/qjudgment/2013/QCA13-163.pdf,sclqld,False,False
96,the passages repeatedly. In the matter of R v Peniamina,"[2018]QSC 283,",https://archive.sclqld.org.au/qjudgment/2018/QSC18-283.pdf,sclqld,FALSE,FALSE
96,has used and annotated to assist understanding’(see R v Peniamina,"[2018]QSC 283,",https://archive.sclqld.org.au/qjudgment/2018/QSC18-283.pdf,sclqld,FALSE,FALSE
96,provided to the jury has also been edited(R v Khaled,[2014]QCA 349).,https://archive.sclqld.org.au/qjudgment/2014/QCA14-349.pdf,sclqld,FALSE,FALSE
97,retained on the file (Gately v R (2007)232 CLR 208;,[2007]HCA 55,https://www.hcourt.gov.au/sites/default/files/eresources/2007/HCA/55.pdf,hcourt,FALSE,FALSE
100,"for Immigration and Border Protection (2021)273 CLR 177, 186 [4]-[5];","[2021]HCA 12,",https://www.hcourt.gov.au/sites/default/files/eresources/2021/HCA/12.pdf,hcourt,FALSE,FALSE
112,"also Evans v The Queen (2007)235 CLR 521, 573-574 [191]-[193];",[2007]HCA,https://www.hcourt.gov.au/sites/default/files/eresources/2007/HCA/59.pdf,hcourt,FALSE,FALSE
112,"Evans v The Queen (2007)235 CLR 521, 573-574 [191]-[193]; [2007]HCA","59,",https://www.hcourt.gov.au/sites/default/files/eresources/2007/HCA/59.pdf,hcourt,False,False
119,the parties and invite submissions upon it(see R v Knight,"[2010]QCA 372,",http://archive.sclqld.org.au/qjudgment/2010/QCA10-372.pdf,sclqld,FALSE,FALSE
119,prison informers. See Crampton v The Queen (2000)206 CLR 161;,"[2000]HCA 60,",https://www.hcourt.gov.au/sites/default/files/eresources/2000/HCA/60.pdf,hcourt,FALSE,FALSE
119,"correctly identified to the jury. For example, in R v",LBG [2024] QCA 205,https://archive.sclqld.org.au/qjudgment/2024/QCA24-205.pdf,sclqld,FALSE,FALSE
122,"which version is correct, they should acquit(see R v Johnson","[2013]QCA 91,",http://archive.sclqld.org.au/qjudgment/2013/QCA13-091.pdf,sclqld,FALSE,FALSE
126,"CLR 166, 196-197 [77]-[80]; [2005]HCA 34, [77]-[80]; R v Baker","[2014]QCA 5,",http://archive.sclqld.org.au/qjudgment/2014/QCA14-005.pdf,sclqld,False,False
129,the High Court in R v Dookhea (2017)262 CLR 402;,"[2017]HCA 36,",https://www.hcourt.gov.au/sites/default/files/eresources/2017/HCA/36.pdf,hcourt,FALSE,FALSE
131,The Queen (2000)201 CLR 414; [2000]HCA 15; R v Willersdorf,"[2001]QCA 183,",http://archive.sclqld.org.au/qjudgment/2001/QCA01-183.pdf,sclqld,FALSE,FALSE
131,"Willersdorf [2001]QCA 183, [17]-[20]; Harwood v The Queen(2002)188 ALR 296;","[2002]HCA 20,",https://www.hcourt.gov.au/sites/default/files/eresources/2002/HCA/20.pdf,hcourt,FALSE,FALSE
131,"ALR 296; [2002]HCA 20, [17]-[19]. However, see R v Stevens","[2004]QCA 99,",http://archive.sclqld.org.au/qjudgment/2004/QCA04-099.pdf,sclqld,FALSE,FALSE
132,"(2003)86 SASR 262, 268; [2003]SASC 310). In R v Bickell","[2020]QCA 37,",https://archive.sclqld.org.au/qjudgment/2020/QCA20-037.pdf,sclqld,FALSE,FALSE
132,deliberate on the charges(see Stanton v R (2003)198 ALR 41;,"[2003]HCA 29,",https://www.hcourt.gov.au/sites/default/files/eresources/2003/HCA/29.pdf,hcourt,False,False
134,reaching their verdict(see Stevens v The Queen (2005)227 CLR 319;,[2005]HCA 65;,https://www.hcourt.gov.au/sites/default/files/eresources/2005/HCA/65.pdf,hcourt,False,False
134,319; [2005]HCA 65; Fingleton v The Queen (2005)227 CLR 166;,"[2005]HCA 34,",https://www.hcourt.gov.au/sites/default/files/eresources/2005/HCA/34.pdf,hcourt,False,False
134,"[2005]HCA 34, [77]-[80]; Murray v The Queen (2002)211 CLR 193;","[2002]HCA 26,",https://www.hcourt.gov.au/sites/default/files/eresources/2002/HCA/26.pdf,hcourt,False,False
144,already spent deliberating (Smith v The Queen (2015)255 CLR 161;,"[2015]HCA 27,",https://www.hcourt.gov.au/sites/default/files/eresources/2015/HCA/27.pdf,hcourt,FALSE,FALSE
144,the circumstances in which that might occur (R v BCG,[2012]QCA,http://archive.sclqld.org.au/qjudgment/2012/QCA12-167.pdf,sclqld,FALSE,FALSE
144,circumstances in which that might occur (R v BCG [2012]QCA,"167,",http://archive.sclqld.org.au/qjudgment/2012/QCA12-167.pdf,sclqld,False,False
150,"[159]-[168]; R v Johnston [2004]NSWCCA 58, [141]; R v Lewis",[1996]QCA,http://archive.sclqld.org.au/qjudgment/1996/QCA96-405.pdf,sclqld,FALSE,FALSE
150,"R v Johnston [2004]NSWCCA 58, [141]; R v Lewis [1996]QCA",405;,http://archive.sclqld.org.au/qjudgment/1996/QCA96-405.pdf,sclqld,False,False
152,"De Silva v The Queen (2019)268 CLR 57, 63 [11];","[2019]HCA 48,",https://www.hcourt.gov.au/sites/default/files/eresources/2019/HCA/48.pdf,hcourt,FALSE,FALSE
152,Azzopardi direction is required(Azzopardi v The Queen (2001)205 CLR 50;,[2001]HCA 25;,https://www.hcourt.gov.au/sites/default/files/eresources/2001/HCA/25.pdf,hcourt,FALSE,FALSE
152,(2001)205 CLR 50; [2001]HCA 25; see also R v Hartfiel,[2014]QCA 132).,http://archive.sclqld.org.au/qjudgment/2014/QCA14-132.pdf,sclqld,FALSE,FALSE
153,has been referred to with approval in R v Armstrong,[2006]QCA 158,http://archive.sclqld.org.au/qjudgment/2006/QCA06-158.pdf,sclqld,FALSE,FALSE
153,R v Armstrong [2006]QCA 158 and in R v McBride,[2008]QCA 412.,http://archive.sclqld.org.au/qjudgment/2008/QCA08-412.pdf,sclqld,FALSE,FALSE
155,direction is required(see Azzopardi v The Queen (2001)205 CLR 50;,"[2001]HCA 25,",https://www.hcourt.gov.au/sites/default/files/eresources/2001/HCA/25.pdf,hcourt,FALSE,FALSE
155,direction will ‘almost always be desirable’(see also R v Hartfiel,[2014]QCA 132).,http://archive.sclqld.org.au/qjudgment/2014/QCA14-132.pdf,sclqld,FALSE,FALSE
155,direction. In R v DAH (2004)150 A Crim R 14;,"[2004]QCA 419,",http://archive.sclqld.org.au/qjudgment/2004/QCA04-419.pdf,sclqld,FALSE,FALSE
155,Jersey CJ in R v Nicholson; Ex parte DPP (Cth),"[2004]QCA 393,",http://archive.sclqld.org.au/qjudgment/2004/QCA04-393.pdf,sclqld,False,False
172,issue(MWJ v The Queen (2005)80 ALJR 329; R v MAP,[2006]QCA 220).,http://archive.sclqld.org.au/qjudgment/2006/QCA06-220.pdf,sclqld,FALSE,FALSE
173,of Foley. In Hofer v The Queen (2021)274 CLR 351;,"[2021]HCA 36,",https://www.hcourt.gov.au/sites/default/files/eresources/2021/HCA/36.pdf,hcourt,FALSE,FALSE
173,"such onus(Hofer v The Queen (2021)274 CLR 351, 363 [35];","[2021]HCA 36,",https://www.hcourt.gov.au/sites/default/files/eresources/2021/HCA/36.pdf,hcourt,False,False
178,"in Nguyen v The Queen (2020)269 CLR 299, 311 [24];","[2020]HCA 23,",https://www.hcourt.gov.au/sites/default/files/eresources/2020/HCA/23.pdf,hcourt,False,False
180,s 632(2)Code and Robinson v The Queen (1999)197 CLR 162;,[1999]HCA 42.,https://www.hcourt.gov.au/sites/default/files/eresources/2025-10-30/HCA/Robinson%20v%20The%20Queen%20%28B59-1998%29%20%5B1999%5D%20HCA%2042.pdf,hcourt,FALSE,FALSE
183,v Lawson [1996]2 Qd R 587; R v Van Wirdum,[1994]QCA 476).,http://archive.sclqld.org.au/qjudgment/1994/QCA94-476.pdf,sclqld,FALSE,FALSE
186,(2007)175 A Crim R 449; [2007]QCA 173; R v Lennox,[2007]QCA 383;,http://archive.sclqld.org.au/qjudgment/2007/QCA07-383.pdf,sclqld,False,False
188,"considered and weighed(R v Baden-Clay (2016)258 CLR 308, 332-333 [77];",[2016]HCA 35).,https://www.hcourt.gov.au/sites/default/files/eresources/2016/HCA/35.pdf,hcourt,FALSE,FALSE
188,"and manslaughter (R v Baden-Clay (2016)258 CLR 308, 332 [74];",[2016]HCA 35).,https://www.hcourt.gov.au/sites/default/files/eresources/2016/HCA/35.pdf,hcourt,FALSE,FALSE
188,"for murder: (R v Baden-Clay (2016)258 CLR 308, 332 [74];","[2016]HCA 35,",https://www.hcourt.gov.au/sites/default/files/eresources/2016/HCA/35.pdf,hcourt,False,False
188,"(2006)16 VR 26, [38]-[40], [65]-[67]; [2006]VSCA 263; R v DAN","[2007]QCA 66,",http://archive.sclqld.org.au/qjudgment/2007/QCA07-066.pdf,sclqld,FALSE,FALSE
188,"[89], [99]). See also as stated in R v Andres",[2015]QCA 167,http://archive.sclqld.org.au/qjudgment/2015/QCA15-167.pdf,sclqld,FALSE,FALSE
188,Andres [2015]QCA 167 at [131]. But see R v Oliver,[2016]QCA 27,http://archive.sclqld.org.au/qjudgment/2016/QCA16-027.pdf,sclqld,FALSE,FALSE
189,"see, for example Gipp v The Queen (1998)194 CLR 106;",[1998]HCA 21,https://www.hcourt.gov.au/sites/default/files/eresources/2025-10-23/HCA/Gipp%20v%20The%20Queen%20%28B4-1998%29%20%5B1998%5D%20HCA%2021.pdf,hcourt,FALSE,FALSE
189,21 and Penney v The Queen (1998)72 ALJR 1316; [1998],HCA 51.,https://www.hcourt.gov.au/sites/default/files/eresources/2025-10-23/HCA/Penney%20v%20The%20Queen%20%28A66-1997%29%20%5B1998%5D%20HCA%2051.pdf,hcourt,FALSE,FALSE
194,and is best avoided(see Thomas JA(in dissent)in R v C,"[1999]QCA 270,",https://archive.sclqld.org.au/qjudgment/1999/QCA99-270.pdf,sclqld,False,False
197,4.15 Lies Told by Defendant)is required(see also R v Sheppard,[2010]QCA 342;,http://archive.sclqld.org.au/qjudgment/2010/QCA10-342.pdf,sclqld,False,False
197,R v Sheppard [2010]QCA 342; cf R v Lacey [2011],"QCA 386,",http://archive.sclqld.org.au/qjudgment/2011/QCA11-386.pdf,sclqld,FALSE,FALSE
197,of the offence(see Zoneff v The Queen (2000)200 CLR 234;,[2000]HCA 28).,https://www.hcourt.gov.au/sites/default/files/eresources/2000/HCA/28.pdf,hcourt,FALSE,FALSE
197,"in Zoneff v The Queen (2000)200 CLR 234, 245 [23];","[2000]HCA 28,",https://www.hcourt.gov.au/sites/default/files/eresources/2000/HCA/28.pdf,hcourt,FALSE,FALSE
197,be used impermissibly(see Dhanhoa v The Queen (2003)217 CLR 1;,[2003]HCA 40).,https://www.hcourt.gov.au/sites/default/files/eresources/2003/HCA/40.pdf,hcourt,FALSE,FALSE
197,"the time of the subject event, see R v Frank","[2010]QCA 150,",http://archive.sclqld.org.au/qjudgment/2010/QCA10-150.pdf,sclqld,FALSE,FALSE
197,"R v Frank [2010]QCA 150, [43](see also R v Scott",[2011]QCA 343).,http://archive.sclqld.org.au/qjudgment/2011/QCA11-343.pdf,sclqld,FALSE,FALSE
197,"by a complainant(OKS v Western Australia (2019)265 CLR 268, [19];","[2019]HCA 10,",https://www.hcourt.gov.au/sites/default/files/eresources/2019/HCA/10.pdf,hcourt,FALSE,FALSE
200,(2000)200 CLR 234 at [17]. See also R v Hennig,[2010]QCA 244,http://archive.sclqld.org.au/qjudgment/2010/QCA10-244.pdf,sclqld,FALSE,FALSE
200,also R v Hennig [2010]QCA 244 and R v Sheppard,[2010]QCA 342.,http://archive.sclqld.org.au/qjudgment/2010/QCA10-342.pdf,sclqld,FALSE,FALSE
200,"[1999]2 Qd R 529, [531]; R v Walton and Harman",[2001]QCA 309,http://archive.sclqld.org.au/qjudgment/2001/QCA01-309.pdf,sclqld,FALSE,FALSE
200,Walton and Harman [2001]QCA 309 at [61]; R v Dykstra,[2011]QCA 175,http://archive.sclqld.org.au/qjudgment/2011/QCA11-175.pdf,sclqld,FALSE,FALSE
200,[61]; R v Dykstra [2011]QCA 175 [13]; R v Ogunseye,[2024]QCA 152,https://anzlaw.thomsonreuters.com/Document/Ic8896d50642211efb6d78c1fa0b6d9c8/View/FullText.html?transitionType=Default&contextData=(sc.Default)&VR=3.0&RS=cblt1.0,thomsonreuters,False,False
200,"case is being put: see Zoneff at[244][17], R v Frank",[2010] QCA 150,http://archive.sclqld.org.au/qjudgment/2010/QCA10-150.pdf,sclqld,FALSE,FALSE
201,of alternative charges. See also R v Box & Martin,[2001]QCA 272,http://archive.sclqld.org.au/qjudgment/2001/QCA01-272.pdf,sclqld,False,False
201,[8]; and R v Wehlow (2001)122 A Crim R 63;,[2001]QCA 193,http://archive.sclqld.org.au/qjudgment/2001/QCA01-193.pdf,sclqld,False,False
201,[33]. See also R v Mitchell [2008]2 Qd R 142;,[2007]QCA 267,http://archive.sclqld.org.au/qjudgment/2007/QCA07-267.pdf,sclqld,FALSE,FALSE
204,is raised. See Melbourne v The Queen (1999)198 CLR 1;,[1999]HCA 32;,https://www.hcourt.gov.au/sites/default/files/eresources/2025-10-30/HCA/Melbourne%20v%20The%20Queen%20%28D10-1998%29%20%5B1999%5D%20HCA%2032.pdf,hcourt,FALSE,FALSE
204,The Queen (1999)198 CLR 1; [1999]HCA 32; R v Jurcik,[2001]QCA 390;,http://archive.sclqld.org.au/qjudgment/2001/QCA01-390.pdf,sclqld,FALSE,FALSE
204,[1999]HCA 32; R v Jurcik [2001]QCA 390; R v Hinschen,[2008]QCA 145;,http://archive.sclqld.org.au/qjudgment/2008/QCA08-145.pdf,sclqld,False,False
204,not necessitate a good character direction. See R v Soloman,[2006]QCA 244.,http://archive.sclqld.org.au/qjudgment/2006/QCA06-244.pdf,sclqld,False,False
206,an explicit warning necessary(R v Sinclair (1997)191 LSJS 53; [1997],SASC 6127).,https://www.austlii.edu.au/cgi-bin/viewdoc/au/cases/sa/SASC/1997/6127.html?context=1;query=R%20v%20Sinclair;mask_path=au/cases/sa/SASC+au/cases/sa/SASCA+au/cases/sa/SASCFC+au/cases/sa/SACorC+au/cases/sa/SADC+au/cases/sa/SAERDC+au/cases/sa/SAET+au/cases/sa/SALC+au/cases/sa/SAPelhamRp+au/cases/sa/SAIRC+au/cases/sa/SAIndRp+au/cases/sa/SALawRp+au/cases/sa/SAStRp+au/cases/sa/SAWC+au/cases/sa/SACAT+au/cases/sa/SACHOSB+au/cases/sa/SACHOSBCP+au/cases/sa/SADB+au/cases/sa/SAEOT+au/cases/sa/SAHPT+au/cases/sa/SALGCmr+au/cases/sa/SAMB+au/cases/sa/SAPHB+au/cases/sa/SAPDB+au/cases/sa/SAIRComm+au/cases/sa/SADPCT+au/cases/sa/SAOmbFOI+au/cases/sa/SAPSB+au/cases/sa/SAPSBCP+au/cases/sa/SARTT+au/cases/sa/SARTTRP+au/cases/sa/SARTWPR+au/cases/sa/SARTWPRP+au/cases/sa/SAWLRP+au/cases/sa/SAWPRP+au/cases/sa/SAWCAT+au/cases/sa/SAWCT+au/cases/sa/SAWCRP,austlii,FALSE,FALSE
207,propensity can be drawn. See for example R v Aston-Brien,[2000]QCA 211,http://archive.sclqld.org.au/qjudgment/2000/QCA00-211.pdf,sclqld,False,False
212,to any issue(see Palmer v The Queen (1998)193 CLR 1;,"[1998]HCA 2,",https://www.hcourt.gov.au/sites/default/files/eresources/2025-10-16/HCA/Palmer%20v%20R%20%28M41-1997%29%20%5B1998%5D%20HCA%202.pdf,hcourt,False,False
212,themselves that the complainant was truthful(see R v Coss [2016],"QCA 44,",http://archive.sclqld.org.au/qjudgment/2016/QCA16-044.pdf,sclqld,FALSE,FALSE
213,reviewed: March 2026] Palmer v The Queen (1998)193 CLR 1;,[1998]HCA 2,https://www.hcourt.gov.au/sites/default/files/eresources/2025-10-16/HCA/Palmer%20v%20R%20%28M41-1997%29%20%5B1998%5D%20HCA%202.pdf,hcourt,FALSE,FALSE
215,"more recent discussion, on these sections, see R v WCD",[2024]QCA 120.,https://archive.sclqld.org.au/qjudgment/2024/QCA24-120.pdf,sclqld,FALSE,FALSE
219,February 2026] Separate consideration of charges In R v Doolan,"[2014]QCA 246,",https://archive.sclqld.org.au/qjudgment/2014/QCA14-246.pdf,sclqld,FALSE,FALSE
220,the summing-up (R v Mogg (2000)112 A Crim R 417;,"[2000]QCA 244,",https://archive.sclqld.org.au/qjudgment/2000/QCA00-244.pdf,sclqld,FALSE,FALSE
220,"Crim R 417; [2000]QCA 244, [54], [73]; R v FAC",[2012]QCA,https://archive.sclqld.org.au/qjudgment/2012/QCA12-213.pdf,sclqld,FALSE,FALSE
220,"R 417; [2000]QCA 244, [54], [73]; R v FAC [2012]QCA","213,",https://archive.sclqld.org.au/qjudgment/2012/QCA12-213.pdf,sclqld,FALSE,FALSE
220,acts In R v Bauer (a pseudonym) (2018)266 CLR 56;,"[2018]HCA 40,",https://www.hcourt.gov.au/sites/default/files/eresources/2018/HCA/40.pdf,hcourt,FALSE,FALSE
220,Director of Public Prosecutions (Vic) v Roder (2024)281 CLR 18;,[2024]HCA 15,https://www.hcourt.gov.au/sites/default/files/eresources/2024/HCA/15.pdf,hcourt,FALSE,FALSE
223,of them. Reference may be had to R v Vecchio,[2016]QCA 71,http://archive.sclqld.org.au/qjudgment/2016/QCA16-071.pdf,sclqld,FALSE,FALSE
223,to R v Vecchio [2016]QCA 71 and R v SCO,"[2016]QCA 248,",http://archive.sclqld.org.au/qjudgment/2016/QCA16-248.pdf,sclqld,FALSE,FALSE
225,identical with it’(De Gruchy v The Queen (2002)211 CLR 85;,"[2002]HCA 33,",https://www.hcourt.gov.au/sites/default/files/eresources/2002/HCA/33.pdf,hcourt,FALSE,FALSE
225,stated in De Gruchy v The Queen (2002)211 CLR 85;,"[2002]HCA 33,",https://www.hcourt.gov.au/sites/default/files/eresources/2002/HCA/33.pdf,hcourt,FALSE,FALSE
225,v Reid [2007]1 Qd R 64). In R v Gaskell,"[2016]QCA 302,",http://archive.sclqld.org.au/qjudgment/2016/QCA16-302.pdf,sclqld,FALSE,FALSE
225,"De Gruchy v The Queen (2002)211 CLR 85, 100-102 [57];","[2002]HCA 33,",https://www.hcourt.gov.au/sites/default/files/eresources/2002/HCA/33.pdf,hcourt,FALSE,FALSE
225,provided a relatively unlikely explanation of the offence’(R v Gaskell,"[2016]QCA 302,",http://archive.sclqld.org.au/qjudgment/2016/QCA16-302.pdf,sclqld,FALSE,FALSE
229,Court decision in Domican v The Queen (1992)173 CLR 555;,[1992]HCA 13,https://www.austlii.edu.au/cgi-bin/viewdoc/au/cases/cth/HCA/1992/13.html,austlii,False,False
229,"The relevant principles, sometimes called the ‘Domican requirements’(R v Renton","[1997]QCA 441),",http://archive.sclqld.org.au/qjudgment/1997/QCA97-441.pdf,sclqld,FALSE,FALSE
230,majority of the Court of Appeal in R v B,[1999]QCA 105,http://archive.sclqld.org.au/qjudgment/1999/QCA99-105.pdf,sclqld,FALSE,FALSE
230,majority of the Court of Appeal in R v B,[1999]QCA 105,http://archive.sclqld.org.au/qjudgment/1999/QCA99-105.pdf,sclqld,FALSE,FALSE
231,then[stated]the rival contentions about them’ was acceptable(see R v B,"[1999]QCA 105,",http://archive.sclqld.org.au/qjudgment/1999/QCA99-105.pdf,sclqld,False,False
231,miscarriage of justice (Domican v The Queen (1992)173 CLR 555;,[1992]HCA 13).,https://www.austlii.edu.au/cgi-bin/viewdoc/au/cases/cth/HCA/1992/13.html,austlii,False,False
232,be gravely prejudicial to the accused’ (Alexander v The Queen,"(1981)145 CLR 395, [2000]QSC 273).",https://anzlaw.thomsonreuters.com/Link/Document/FullText?findType=Y&serNum=1981172709&pubNum=3586&originatingDoc=I62b4467087a711e8aca5bab3c9b3f468&refType=TG&originationContext=document&transitionType=DocumentItem&ppcid=3330ee783afa40b282a2af2e018cf321&contextData=(sc.Default)&comp=wlau,thomsonreuters,False,False
232,19 [17]-[18]; [2000]QSC 273). The case of R v Redshaw,[1997]QCA 483,http://archive.sclqld.org.au/qjudgment/1997/QCA97-483.pdf,sclqld,FALSE,FALSE
232,caution (R v Gould (2014)243 A Crim R 205; [2014],"QCA 164,",http://archive.sclqld.org.au/qjudgment/2014/QCA14-164.pdf,sclqld,False,False
234,4 Evidentiary Directions Dock identification In R v Franicevic,"[2010]QCA 36,",http://archive.sclqld.org.au/qjudgment/2010/QCA10-036.pdf,sclqld,FALSE,FALSE
234,kind identified in Domican v The Queen (1992)173 CLR 555;,[1992]HCA 13,http://www.austlii.edu.au/cgi-bin/viewdoc/au/cases/cth/HCA/1992/13.html,austlii,FALSE,FALSE
234,the Domican direction was not required(see also R v Main,[2012]QCA 80).,http://archive.sclqld.org.au/qjudgment/2012/QCA12-080.pdf,sclqld,False,False
246,kind discussed in Robinson v The Queen (1999)197 CLR 162;,[1999]HCA 42,https://www.hcourt.gov.au/sites/default/files/eresources/2025-10-30/HCA/Robinson%20v%20The%20Queen%20%28B59-1998%29%20%5B1999%5D%20HCA%2042.pdf,hcourt,FALSE,FALSE
250,is a good reason for not doing so(R v Warradoo,"[2014]QCA 299,",http://archive.sclqld.org.au/qjudgment/2014/QCA14-299.pdf,sclqld,False,False
253,the decision in Phillips v The Queen (2006)225 CLR 303;,[2006]HCA 4).,https://www.hcourt.gov.au/sites/default/files/eresources/2006/HCA/4.pdf,hcourt,FALSE,FALSE
258,relevant to the complainant’s truthfulness or reliability(cf R v PBT,"[2025]QCA 152,",https://archive.sclqld.org.au/qjudgment/2025/QCA25-152.pdf,sclqld,FALSE,FALSE
258,"about sexual violence, may influence juries(see also R v LBK","[2025]QCA 111,",https://archive.sclqld.org.au/qjudgment/2025/QCA25-111.pdf,sclqld,FALSE,FALSE
259,delayed complaint is relevant of itself’ (R v MEQ [2025],"QCA 186,",https://archive.sclqld.org.au/qjudgment/2025/QCA25-186.pdf,sclqld,FALSE,FALSE
259,there is ‘sufficient’ evidence to warrant doing so(R v MEQ,"[2025]QCA 186,",https://archive.sclqld.org.au/qjudgment/2025/QCA25-186.pdf,sclqld,FALSE,FALSE
260,they were raped or sexually assaulted. In R v Rutherford,[2004]QCA,http://archive.sclqld.org.au/qjudgment/2004/QCA04-481.pdf,sclqld,FALSE,FALSE
260,were raped or sexually assaulted. In R v Rutherford [2004]QCA,"481,",http://archive.sclqld.org.au/qjudgment/2004/QCA04-481.pdf,sclqld,FALSE,FALSE
263,(R v NM [2013]1 Qd R 374; R v PAS,[2014]QCA 289;,http://archive.sclqld.org.au/qjudgment/2014/QCA14-289.pdf,sclqld,FALSE,FALSE
263,R 374; R v PAS [2014]QCA 289; R v KAW,"[2020]QCA 57,",https://archive.sclqld.org.au/qjudgment/2020/QCA20-057.pdf,sclqld,FALSE,FALSE
270,accused’s own inaction: Jarrett at[63]. See also R v PBO,"[2024]QCA 238,",https://plus.lexis.com/apac/document/documentlink/?pdmfid=1539278&crid=e776bbd4-9c35-4076-ae16-a3b5d5de0b93&pddocfullpath=%2Fshared%2Fdocument%2Fcases-au%2Furn:contentItem:6DH5-CWP3-MC8F-H0D4-00000-00&pdcontentcomponentid=267708&pdproductcontenttypeid=urn:pct:170&pdiskwicview=false&pdpinpoint=&prid=035b2acd-32ed-48ba-8c9a-dda43acb1f52&ecomp=7g_ck,lexis,FALSE,FALSE
270,"In so doing, the Court referred to R v BEA","[2023]QCA 78,",https://plus.lexis.com/apac/document/documentlink/?pdmfid=1539278&crid=1a1483c6-e19f-4a16-a678-a363645bf34c&pddocfullpath=%2Fshared%2Fdocument%2Fcases-au%2Furn:contentItem:683K-BM51-K0BB-S3B5-00000-00&pdcontentcomponentid=267708&pdproductcontenttypeid=urn:pct:170&pdiskwicview=false&pdpinpoint=&prid=c8f70373-9fba-4380-8463-e3671f91a333&ecomp=7g_ck,lexis,FALSE,FALSE
271,if they had been sexually abused. In R v Cotic,"[2003]QCA 435,",https://advance-lexis-com.ezproxy-az.sclqld.org.au/document/?pdmfid=1201008&crid=c50bb7ff-acb2-4654-958a-63d7fec84c23&pddocfullpath=%2Fshared%2Fdocument%2Fcases-au%2Furn%3AcontentItem%3A5PB3-H441-FFFC-B09G-00000-00&pdcontentcomponentid=267708&pdshepid=urn%3AcontentItem%3A5PB3-H441-FFFC-B09G-00000-00&pdteaserkey=sr0&pdicsfeatureid=1517127&pditab=allpods&ecomp=hwtpk&earg=sr0&prid=7a737290-5d59-41c4-a16b-618471f9cbbe,sclqld,FALSE,FALSE
271,"generally, or in this particular case.’ In R v MCJ",[2017]QCA 11,https://archive.sclqld.org.au/qjudgment/2017/QCA17-011.pdf,sclqld,FALSE,FALSE
272,Criminal Law (Sexual Offences) Act 1978… In R v Hansen,[2012]QCA 156,https://archive.sclqld.org.au/qjudgment/2012/QCA12-156.pdf,sclqld,FALSE,FALSE
272,s 632(3) of the Criminal Code.’ In R v BDJ,"[2022]QCA 108,",https://advance-lexis-com.ezproxy-az.sclqld.org.au/document/documentlink/?pdmfid=1201008&crid=1d30bcdb-1ba8-44c3-a48d-9a6504faf7e7&pddocfullpath=%2Fshared%2Fdocument%2Fcases-au%2Furn%3AcontentItem%3A65PS-2CC1-F4GK-M1FS-00000-00&pdcontentcomponentid=267708&pddoctitle=%5B2022%5D+QCA+108&pdproductcontenttypeid=urn%3Apct%3A170&pdiskwicview=false&ecomp=g2z2k&prid=4ebd1e4a-1e67-43e8-a783-1d707b2fe1e8,sclqld,False,False
276,"laid (HML v The Queen (2008)235 CLR 334, 389 [129];",[2008]HCA 16).,https://www.hcourt.gov.au/sites/default/files/eresources/2008/HCA/16.pdf,hcourt,False,False
276,"[277]-[278], 478-480 [425]-[433], 494-495 [492]-[493], 500-502 [506], [510], [512]; [2008]",HCA 16).,https://www.hcourt.gov.au/sites/default/files/eresources/2008/HCA/16.pdf,hcourt,FALSE,FALSE
276,kinds described in IMM v The Queen (2016)257 CLR 300;,[2016]HCA 14,https://www.hcourt.gov.au/sites/default/files/eresources/2016/HCA/14.pdf,hcourt,False,False
276,[2016]HCA 14 and Hughes v The Queen (2017)263 CLR 338;,"[2017]HCA 20,",https://www.hcourt.gov.au/sites/default/files/eresources/2017/HCA/20.pdf,hcourt,False,False
277,5 Directions on Sexual Offences 82-83 [49];,[2018]HCA 40.,https://www.hcourt.gov.au/sites/default/files/eresources/2018/HCA/40.pdf,hcourt,FALSE,FALSE
277,"example, HML v The Queen (2008)235 CLR 334, 399-400 [172]-[174];",[2008]HCA 16,https://www.hcourt.gov.au/sites/default/files/eresources/2008/HCA/16.pdf,hcourt,False,False
277,Sexual Interest In HML v The Queen (2008)235 CLR 334;,"[2008]HCA 16,",https://www.hcourt.gov.au/sites/default/files/eresources/2008/HCA/16.pdf,hcourt,FALSE,FALSE
277,"charged were isolated events’ (HML (2008)235 CLR 334, 502 [513];",[2008]HCA 16).,https://www.hcourt.gov.au/sites/default/files/eresources/2008/HCA/16.pdf,hcourt,FALSE,FALSE
278,"be applied(HML v The Queen (2008)235 CLR 334, 499 [503];",[2008]HCA 16).,https://www.hcourt.gov.au/sites/default/files/eresources/2008/HCA/16.pdf,hcourt,False,False
278,"charge (Roach v The Queen (2011)242 CLR 610, 625 [45];",[2011]HCA 12).,https://www.hcourt.gov.au/sites/default/files/eresources/2011/HCA/12.pdf,hcourt,FALSE,FALSE
278,"doubt (Roach v The Queen (2011)242 CLR 610, 626 [49];",[2011]HCA 12).,https://www.hcourt.gov.au/sites/default/files/eresources/2011/HCA/12.pdf,hcourt,FALSE,FALSE
287,that the defendant is responsible for committing them(R v Ridgeway,"[2020]QCA 38,",https://archive.sclqld.org.au/qjudgment/2020/QCA20-038.pdf,sclqld,FALSE,FALSE
287,"Criminal Code(Zaburoni v The Queen (2016)256 CLR 482, 490 [14];",[2016]HCA 12).,https://www.hcourt.gov.au/sites/default/files/eresources/2016/HCA/12.pdf,hcourt,FALSE,FALSE
287,"particular result(Zaburoni v The Queen (2016)256 CLR 482, 490 [15];",[2016]HCA 12).,https://www.hcourt.gov.au/sites/default/files/eresources/2016/HCA/12.pdf,hcourt,FALSE,FALSE
287,"this context(Zaburoni v The Queen (2016)256 CLR 482, 490 [16];",[2016]HCA 12).,https://www.hcourt.gov.au/sites/default/files/eresources/2016/HCA/12.pdf,hcourt,FALSE,FALSE
298,JA explained the operation of s 7(1)in R v Taylor,[2021]QCA 15.,https://jvl.sclqld.org.au/caselaw/QCA/2021/15,sclqld,FALSE,FALSE
299,"others, under ss 7(1)(b), (c)or(d): see Pickett v Western Australia",[2020]HCA 20,https://anzlaw.thomsonreuters.com/Document/I8669f472a2e611eab1cbf180a7ce9b34/View/FullText.html?transitionType=Default&contextData=(sc.Default)&VR=3.0&RS=cblt1.0,thomsonreuters,FALSE,FALSE
299,v Western Australia [2020]HCA 20 and O’Dea v Western Australia,[2022]HCA 24,https://anzlaw.thomsonreuters.com/Document/I78192fc0184511ed81c5f735b8cf580f/View/FullText.html?transitionType=Default&contextData=(sc.Default)&VR=3.0&RS=cblt1.0,thomsonreuters,FALSE,FALSE
299,"unclear. See for example, R v Sherrington & Kuchler [2001]","QCA 105,",https://anzlaw.thomsonreuters.com/Document/If32f523088ab11e8aca5bab3c9b3f468/View/FullText.html?transitionType=Default&contextData=(sc.Default)&VR=3.0&RS=cblt1.0,thomsonreuters,False,False
300,person he is aiding or assisting’. See R v Jeffrey,[1997]QCA 460;,http://archive.sclqld.org.au/qjudgment/1997/QCA97-460.pdf,sclqld,False,False
300,at [482]; R v Brown (2007)171 A Crim R 345;,[2007]QCA 161,http://archive.sclqld.org.au/qjudgment/2007/QCA07-161.pdf,sclqld,False,False
300,R 306 at [312] and R v Lowrie & Ross,[2000]QCA 405,https://anzlaw.thomsonreuters.com/Document/I4993857088ab11e8aca5bab3c9b3f468/View/FullText.html?transitionType=Default&contextData=(sc.Default)&VR=3.0&RS=cblt1.0,thomsonreuters,FALSE,FALSE
300,"defendants are charged under s 7(1)(b)or(c), see R v Pascoe",[1997]QCA 452.,https://anzlaw.thomsonreuters.com/Document/I63a2bbe088a911e8aca5bab3c9b3f468/View/FullText.html?transitionType=Default&contextData=(sc.Default)&VR=3.0&RS=cblt1.0,thomsonreuters,FALSE,FALSE
300,or helps him/her to do so. In Sherrington & Kuchler,[2001]QCA 105,http://archive.sclqld.org.au/qjudgment/2001/QCA01-105.pdf,sclqld,FALSE,FALSE
300,"at [12]; R v Sherrington (2003)139 A Crim R 417,",[2001]QCA 105;,http://archive.sclqld.org.au/qjudgment/2001/QCA01-105.pdf,sclqld,False,False
300,and Difford (1990)51 A Crim R 25; R v Pascoe,[1997]QCA 452;,http://archive.sclqld.org.au/qjudgment/1997/QCA97-452.pdf,sclqld,FALSE,FALSE
300,R v Pascoe [1997]QCA 452; R v Roberts & Pearce,[2012]QCA 82,http://archive.sclqld.org.au/qjudgment/2012/QCA12-082.pdf,sclqld,FALSE,FALSE
300,"at [6], and R v Chan [2001]2 Qd R 662;",[2000]QCA 347,http://archive.sclqld.org.au/qjudgment/2000/QCA00-347.pdf,sclqld,False,False
300,Parte A-G [2004]1 Qd R 162. In R v Adams,[1998]QCA 64,http://archive.sclqld.org.au/qjudgment/1998/QCA98-064.pdf,sclqld,FALSE,FALSE
300,encouragement; it entails successful persuasion. See also R v Adams,[1998]QCA 64,http://archive.sclqld.org.au/qjudgment/1998/QCA98-064.pdf,sclqld,False,False
300,(Qld) [2004]1 Qd R 162 at [58]; R v Hawke,[2016]QCA 144.,http://archive.sclqld.org.au/qjudgment/2016/QCA16-144.pdf,sclqld,FALSE,FALSE
301,the caution in R v AAP [2013]1 Qd R 244;,[2012]QCA 104,http://archive.sclqld.org.au/qjudgment/2012/QCA12-104.pdf,sclqld,False,False
301,determination of liability under s 8 see R v McLennan,[2024]QCA 212,https://plus.lexis.com/apac/document/documentlink/?pdmfid=1539278&crid=9b39c9d7-b689-41a1-b526-e38069dcd633&pddocfullpath=%2Fshared%2Fdocument%2Fcases-au%2Furn:contentItem:6DC9-W583-MHD8-S2F6-00000-00&pdcontentcomponentid=267708&pdproductcontenttypeid=urn:pct:170&pdiskwicview=false&pdpinpoint=&prid=3f976b77-4510-485f-b665-2e2088294fe0&ecomp=cg_ck,lexis,FALSE,FALSE
301,been a party to that expanded intention: R v Ritchie,[1998]QCA 188.,http://archive.sclqld.org.au/qjudgment/1998/QCA98-188.pdf,sclqld,FALSE,FALSE
301,"v Thrupp, R v Taiao, R v Walker, R v",Daniels [2024] QCA 134,"https://plus.lexis.com/apac/search/?pdmfid=1539278&crid=4a8e37df-0efb-483a-9cd2-ac1664037e6a&pdsearchterms=%5B2024%5D%20qca%20134&pdtypeofsearch=searchboxclick&pdsearchtype=SearchBox&pdstartin=&pdpsf=&pdqttype=and&pdquerytemplateid=&pdsf=MTA3MjUyNQ~{}%5Ecases-au,cases-nz~{}%5ECaseBase%2520Cases&ecomp=6t7kk&earg=pdsf&prid=4dc42e62-60f2-4625-a6cd-2eedb91e0c4b",lexis,FALSE,FALSE
302,see R v Sullivan & Marshall [2002]1 Qd R 95;,[2000]QCA 393.,http://archive.sclqld.org.au/qjudgment/2000/QCA00-393.pdf,sclqld,FALSE,FALSE
302,1; R v Sullivan & Marshall [2002]1 Qd R 95;,[2000]QCA 393.,http://archive.sclqld.org.au/qjudgment/2000/QCA00-393.pdf,sclqld,FALSE,FALSE
302,"1 at [14], e.g. diminished responsibility, and R v Hallin",[2004]QCA 18.,http://archive.sclqld.org.au/qjudgment/2004/QCA04-018.pdf,sclqld,FALSE,FALSE
303,intention to inflict such greater violence: see R v Ritchie,[1998]QCA,http://archive.sclqld.org.au/qjudgment/1998/QCA98-188.pdf,sclqld,FALSE,FALSE
303,to inflict such greater violence: see R v Ritchie [1998]QCA,188,http://archive.sclqld.org.au/qjudgment/1998/QCA98-188.pdf,sclqld,False,False
305,"view, in R v Emelio (2012)222 A Crim R 566;",[2012]QCA,http://archive.sclqld.org.au/qjudgment/2012/QCA12-111.pdf,sclqld,FALSE,FALSE
305,in R v Emelio (2012)222 A Crim R 566; [2012]QCA,"111,",http://archive.sclqld.org.au/qjudgment/2012/QCA12-111.pdf,sclqld,FALSE,FALSE
321,"Zaburoni v The Queen (2016)256 CLR 482, 490 [14]; [2016]","HCA 12,",https://www.hcourt.gov.au/sites/default/files/eresources/2016/HCA/12.pdf,hcourt,False,False
321,"[1997]HCA 7, and the discussion in R v Glebow [2002]",QCA 442).,http://archive.sclqld.org.au/qjudgment/2002/QCA02-442.pdf,sclqld,FALSE,FALSE
322,guilt (see De Gruchy v The Queen (2002)211 CLR 85;,[2002]HCA 33;,https://www.hcourt.gov.au/sites/default/files/eresources/2002/HCA/33.pdf,hcourt,FALSE,FALSE
352,[1991]HCA 27; see also R v Swan (2020)269 CLR 663;,[2020]HCA 11).,https://www.hcourt.gov.au/sites/default/files/eresources/2020/HCA/11.pdf,hcourt,FALSE,FALSE
353,"her conduct (Zaburoni v The Queen (2016)256 CLR 482, 490;","[2016]HCA 12,",https://www.hcourt.gov.au/sites/default/files/eresources/2016/HCA/12.pdf,hcourt,False,False
353,"JJ)in Zaburoni v The Queen (2016)256 CLR 482, 490; [2016]","HCA 12,",https://www.hcourt.gov.au/sites/default/files/eresources/2016/HCA/12.pdf,hcourt,False,False
363,"411, 423; see also R v Swan (2020)269 CLR 663;",[2020]HCA 11).,https://eresources.hcourt.gov.au/showCase/2020/HCA/11,hcourt,FALSE,FALSE
376,"[411], [423]; see also R v Swan (2020)269 CLR 663;",[2020]HCA,https://eresources.hcourt.gov.au/showCase/2020/HCA/11,hcourt,FALSE,FALSE
376,[423]; see also R v Swan (2020)269 CLR 663; [2020]HCA,11).,https://eresources.hcourt.gov.au/showCase/2020/HCA/11,hcourt,FALSE,FALSE
390,"411, 423; see also R v Swan (2020)269 CLR 663;",[2020]HCA 11).,https://www.hcourt.gov.au/sites/default/files/eresources/2020/HCA/11.pdf,hcourt,FALSE,FALSE
410,R v F; ex parte A-G [2004]1 Qd R 162;,[2003]QCA 70,https://archive.sclqld.org.au/qjudgment/2003/QCA03-070.pdf,sclqld,FALSE,FALSE
410,at [33]-[34]; R v Hawke (2016)259 A Crim R 114;,[2016]QCA 144,https://archive.sclqld.org.au/qjudgment/2016/QCA16-144.pdf,sclqld,FALSE,FALSE
410,[58]-[59]); • “counsel”(see R v Georgiou(2002)131 A Crim R 150;,[2002]QCA 206,https://archive.sclqld.org.au/qjudgment/2002/QCA02-206.pdf,sclqld,FALSE,FALSE
410,at [78]-[79]); and • “aid”(see R v Sherrington & Kuchler,[2001]QCA 105,https://archive.sclqld.org.au/qjudgment/2001/QCA01-105.pdf,sclqld,FALSE,FALSE
410,was explained in R v Georgiou(2002)131 A Crim R 150;,[2002]QCA 206,https://archive.sclqld.org.au/qjudgment/2002/QCA02-206.pdf,sclqld,FALSE,FALSE
410,Court of Appeal in R v Morant (2020)5 QR 1;,[2020]QCA 135.,https://archive.sclqld.org.au/qjudgment/2020/QCA20-135.pdf,sclqld,FALSE,FALSE
415,"force, proof of intent is required. See R v Chong","[2012]QCA 265,",https://archive.sclqld.org.au/qjudgment/2012/QCA12-265.pdf,sclqld,FALSE,FALSE
416,v Morrow [1991]2 Qd R 309 and R v Chen,[1997]QCA 355,https://archive.sclqld.org.au/qjudgment/1997/QCA97-355.pdf,sclqld,FALSE,FALSE
419,"R 64, [90], [93]-[95]. See also Zaburoni v The Queen",[2016]HCA 12;,https://eresources.hcourt.gov.au/downloadPdf/2016/HCA/12,hcourt,FALSE,FALSE
425,execution of his or her duties. In R v Reynhoudt,[1962]HCA 23;,https://eresources.hcourt.gov.au/showbyHandle/1/9350,hcourt,FALSE,FALSE
429,"R 64, [90], [93]-[95]. See also Zaburoni v The Queen",[2016]HCA 12;,https://eresources.hcourt.gov.au/downloadPdf/2016/HCA/12,hcourt,FALSE,FALSE
449,a stupefying thing. In R v Arnold; Ex parte A-G,[2002]QCA 357,https://www.sclqld.org.au/caselaw/48219,sclqld,False,False
464,driving was dangerous to the public. In R v Kuruvinakunnel,"[2012]QCA 330,",http://archive.sclqld.org.au/qjudgment/2012/QCA12-330.pdf,sclqld,FALSE,FALSE
465,"[2009]1 Qd R 476, [15]; see also R v Grimaldi",[2011]QCA 114).,http://archive.sclqld.org.au/qjudgment/2011/QCA11-114.pdf,sclqld,FALSE,FALSE
465,"mistake of fact in s 24, see R v Plath","[2003]QCA 567,",http://archive.sclqld.org.au/qjudgment/2003/QCA03-567.pdf,sclqld,FALSE,FALSE
465,"R v Plath [2003]QCA 567, [7] and R v Perham",[2016]QCA,http://archive.sclqld.org.au/qjudgment/2016/QCA16-123.pdf,sclqld,FALSE,FALSE
465,"v Plath [2003]QCA 567, [7] and R v Perham [2016]QCA","123,",http://archive.sclqld.org.au/qjudgment/2016/QCA16-123.pdf,sclqld,FALSE,FALSE
484,"case. For a case involving therapeutic treatment, see R v",BAS [2005] QCA 97.,http://archive.sclqld.org.au/qjudgment/2005/QCA05-097.pdf,sclqld,FALSE,FALSE
484,in Sexual Offending Post-September 2024. Indecency In R v Jones,"[2011]QCA 19,",http://archive.sclqld.org.au/qjudgment/2011/QCA11-019.pdf,sclqld,FALSE,FALSE
485,not required in that particular case. In R v McCallum,"[2013]QCA 254,",http://archive.sclqld.org.au/qjudgment/2013/QCA13-254.pdf,sclqld,FALSE,FALSE
485,an element of the offence(at [31]-[40]). In R v McGrady,"[2020]QCA 192,",https://archive.sclqld.org.au/qjudgment/2020/QCA20-192.pdf,sclqld,FALSE,FALSE
488,also the reasoning for analogous provisions in R v Addley,"[2018]QCA 125,",https://advance-lexis-com.ezproxy-az.sclqld.org.au/document/onecase/?pdmfid=1201008&crid=fc9ac081-030d-428f-a18f-09184595b47d&pddocfullpath=%2Fshared%2Fdocument%2Fcases-au%2Furn%3AcontentItem%3A5SM9-G441-F1WF-M2G8-00000-00&pdcontentcomponentid=267708&pdteaserkey=cr2&pdicsfeatureid=1517127&pditab=allpods&ecomp=hctpk&earg=cr2&prid=3b8415b2-7479-4be0-a425-f59030f2e5b6,sclqld,False,False
514,"Campbell [2009]QCA 128, [55]-[57], endorsing observations in R v Shew","[1998]QCA 333,",https://archive.sclqld.org.au/qjudgment/1998/QCA98-333.pdf,sclqld,False,False
530,the observations in R v Georgiou(2002)132 A Crim R 150;,"[2002]QCA 206,",https://archive.sclqld.org.au/qjudgment/2002/QCA02-206.pdf,sclqld,FALSE,FALSE
531,essential to the meaning of ‘indecency’: see R v Schneiders,[2007]QCA 210.,http://archive.sclqld.org.au/qjudgment/2007/QCA07-210.pdf,sclqld,FALSE,FALSE
532,in R v Little (2013)231 A Crim R 145; [2013],"QCA 223,",https://archive.sclqld.org.au/qjudgment/2013/QCA13-223.pdf,sclqld,False,False
563,the observations in R v Georgiou(2002)132 A Crim R 150;,"[2002]QCA 206,",https://archive.sclqld.org.au/qjudgment/2002/QCA02-206.pdf,sclqld,FALSE,FALSE
589,any of the three occasions necessary. In R v Bradfield,[2012]QCA,http://archive.sclqld.org.au/qjudgment/2012/QCA12-337.pdf,sclqld,FALSE,FALSE
589,of the three occasions necessary. In R v Bradfield [2012]QCA,"337,",http://archive.sclqld.org.au/qjudgment/2012/QCA12-337.pdf,sclqld,FALSE,FALSE
589,High Court in HML v The Queen (2008)235 CLR 334;,[2008]HCA 16,https://www.hcourt.gov.au/sites/default/files/eresources/2008/HCA/16.pdf,hcourt,FALSE,FALSE
642,"albeit in respect of different legislation, include R v HXY","[2017]QSC 108,",https://archive.sclqld.org.au/qjudgment/2017/QSC17-108.pdf,sclqld,FALSE,FALSE
642,"legislation, include R v HXY [2017]QSC 108, R v HBT",[2018]QCA 227,https://archive.sclqld.org.au/qjudgment/2018/QCA18-227.pdf,sclqld,FALSE,FALSE
642,[2018]QCA 227 and R v JAA [2019]3 Qd R 242;,[2018]QCA,https://archive.sclqld.org.au/qjudgment/2018/QCA18-365.pdf,sclqld,FALSE,FALSE
642,227 and R v JAA [2019]3 Qd R 242; [2018]QCA,365,https://archive.sclqld.org.au/qjudgment/2018/QCA18-365.pdf,sclqld,FALSE,FALSE
643,The discussion in R v Addley [2019]2 Qd R 46;,"[2018]QCA 125,",https://archive.sclqld.org.au/qjudgment/2018/QCA18-125.pdf,sclqld,FALSE,FALSE
654,"albeit in respect of different legislation, include R v HXY","[2017]QSC 108,",https://archive.sclqld.org.au/qjudgment/2017/QSC17-108.pdf,sclqld,FALSE,FALSE
654,"legislation, include R v HXY [2017]QSC 108, R v HBT",[2018]QCA 227,https://archive.sclqld.org.au/qjudgment/2018/QCA18-227.pdf,sclqld,FALSE,FALSE
654,[2018]QCA 227 and R v JAA [2019]3 Qd R 242;,[2018]QCA,https://archive.sclqld.org.au/qjudgment/2018/QCA18-365.pdf,sclqld,FALSE,FALSE
654,227 and R v JAA [2019]3 Qd R 242; [2018]QCA,365,https://archive.sclqld.org.au/qjudgment/2018/QCA18-365.pdf,sclqld,FALSE,FALSE
655,The discussion in R v Addley [2019]2 Qd R 46;,"[2018]QCA 125,",https://archive.sclqld.org.au/qjudgment/2018/QCA18-125.pdf,sclqld,False,False
672,"Qd R 672, [25](Williams JA); see also R v East","[2008]QCA 325,",https://archive.sclqld.org.au/qjudgment/2008/QCA08-325.pdf,sclqld,FALSE,FALSE
693,unlawfully. Set fire to the property In R v Joinbee,[2013]QCA 246;,http://archive.sclqld.org.au/qjudgment/2013/QCA13-246.pdf,sclqld,FALSE,FALSE
694,[1981]Qd R 209; R v T [1997]1 Qd R 623;,[1996]QCA 258.,https://archive.sclqld.org.au/qjudgment/1996/QCA96-258.pdf,sclqld,FALSE,FALSE
694,the defendant’s state of mind may be required(R v Eustance,"[2009]QCA 28,",http://archive.sclqld.org.au/qjudgment/2009/QCA09-028.pdf,sclqld,FALSE,FALSE
694,"v Eustance [2009]QCA 28, [18]). See also R v Cormack",[2013]QCA 342.,http://archive.sclqld.org.au/qjudgment/2013/QCA13-342.pdf,sclqld,FALSE,FALSE
697,[1981]Qd R 209; R v T [1997]1 Qd R 623;,[1996]QCA 258.,https://archive.sclqld.org.au/qjudgment/1996/QCA96-258.pdf,sclqld,False,False
706,the standards of an ordinary person. In R v Lyons,"[2021]QCA 136,",https://jvl.sclqld.org.au/caselaw/QCA/2021/136,sclqld,False,False
725,vehicle is not an element of the offence(R v C,"[2001]QCA 387,",https://archive.sclqld.org.au/qjudgment/2001/QCA01-387.pdf,sclqld,FALSE,FALSE
731,a dangerous drug or dangerous drugs(see R v Tabe [2003],"QCA 356,",http://archive.sclqld.org.au/qjudgment/2003/QCA03-356.pdf,sclqld,FALSE,FALSE
734,"Martin v Osborne (1936)55 CLR 367, 376; R v Kelly","[2005]QCA 103,",http://archive.sclqld.org.au/qjudgment/2005/QCA05-103.pdf,sclqld,FALSE,FALSE
737,may possibly be instituted(R v Beckett (2015) 256 CLR 305;,[2015]HCA 38).,https://eresources.hcourt.gov.au/showCase/2015/HCA/38,hcourt,FALSE,FALSE
737,"JJ)). See also R v Murphy (1985)158 CLR 596, 618;",[1985]HCA 50.,https://eresources.hcourt.gov.au/showbyHandle/1/11654,hcourt,FALSE,FALSE
737,High Court in Meissner v The Queen (1995)184 CLR 132;,"[1995]HCA 41,",https://eresources.hcourt.gov.au/showbyHandle/1/9647,hcourt,False,False
740,was in fact true(at [284]). In Mulhall v R [2016],"NTSC 25,",https://supremecourt.nt.gov.au/__data/assets/pdf_file/0009/766161/NTSC-25-BLO1606-Mulhall-v-The-Queen-5-May.doc.pdf,nt,FALSE,FALSE
742,(Prime Infrastructure (DBCT) Management Pty Ltd v Vero Insurance Limited,"[2005]QCA 369,",http://archive.sclqld.org.au/qjudgment/2005/QCA05-369.pdf,sclqld,False,False
750,McPherson J in R v Bennett [2000]2 Qd R 174;,[1998]QCA 393.,http://archive.sclqld.org.au/qjudgment/1998/QCA98-393.pdf,sclqld,FALSE,FALSE
751,circumstances of the case(R v Bennett [2000]2 Qd R 174;,[1998]QCA,http://archive.sclqld.org.au/qjudgment/1998/QCA98-393.pdf,sclqld,FALSE,FALSE
751,of the case(R v Bennett [2000]2 Qd R 174; [1998]QCA,"393,",http://archive.sclqld.org.au/qjudgment/1998/QCA98-393.pdf,sclqld,False,False
756,R v Traino (1987)45 SASR 473; R v Scaffidi- Gennario,[2002] WASCA 46;,https://anzlaw.thomsonreuters.com/Document/I37d5c5a0899111e8aca5bab3c9b3f468/View/FullText.html?transitionType=Default&contextData=(sc.Default)&VR=3.0&RS=cblt1.0,thomsonreuters,FALSE,FALSE
756,R v Millward [1985]1 All ER 859; R v Balan,(2006)QCA 463;,https://advance-lexis-com.ezproxy-az.sclqld.org.au/api/permalink/e07322c1-da01-48d3-a2d8-5474aafe1932/?context=1201008&identityprofileid=98NNDT55483,sclqld,FALSE,FALSE
756,ER 859; R v Balan (2006)QCA 463; R v Deemal,(2009)QCA 131;,https://advance-lexis-com.ezproxy-az.sclqld.org.au/api/permalink/07e298e6-6b9e-4750-8bf6-f163a41e3d9e/?context=1201008&identityprofileid=98NNDT55483,sclqld,FALSE,FALSE
780,"in BDO v The Queen (2023)277 CLR 518, 527 [20];","[2023]HCA 16,",https://www.hcourt.gov.au/sites/default/files/eresources/2023/HCA/16.pdf,hcourt,FALSE,FALSE
780,"Court in BDO v The Queen (2023)277 CLR 518, 527;",[2023]HCA 16,https://www.hcourt.gov.au/sites/default/files/eresources/2023/HCA/16.pdf,hcourt,FALSE,FALSE
780,"appeal in BDO v The Queen (2023)277 CLR 518, 534;",[2023]HCA 16,https://www.hcourt.gov.au/sites/default/files/eresources/2023/HCA/16.pdf,hcourt,FALSE,FALSE
786,"explained in Viro v The Queen (1978)141 CLR 88, 112;",[1978]HCA 9:,https://www.austlii.edu.au/cgi-bin/viewdoc/au/cases/cth/HCA/1978/9.html,austlii,FALSE,FALSE
786,the crime which involves that intent’. In R v Middleton,"[2003]QCA 431,",http://archive.sclqld.org.au/qjudgment/2003/QCA03-431.pdf,sclqld,FALSE,FALSE
786,capacity being subsumed in that enquiry(see also R v Batchelor,[2003]QCA,http://archive.sclqld.org.au/qjudgment/2003/QCA03-246.pdf,sclqld,FALSE,FALSE
786,being subsumed in that enquiry(see also R v Batchelor [2003]QCA,246).,http://archive.sclqld.org.au/qjudgment/2003/QCA03-246.pdf,sclqld,FALSE,FALSE
786,v Lockwood; Ex parte Attorney-General (Qld). In R v Eustance,[2009]QCA,http://archive.sclqld.org.au/qjudgment/2009/QCA09-028.pdf,sclqld,False,False
789,and omissions’. In Ugle v The Queen (2002)211 CLR 171;,"[2002]HCA 25,",https://www.hcourt.gov.au/sites/default/files/eresources/2002/HCA/25.pdf,hcourt,FALSE,FALSE
790,the defendant meant to hit the brake(see R v Ellis,"[2007]QCA 219,",http://archive.sclqld.org.au/qjudgment/2007/QCA07-219.pdf,sclqld,False,False
790,direction comes from Murray v The Queen (2002)211 CLR 193;,[2002]HCA,https://www.hcourt.gov.au/sites/default/files/eresources/2002/HCA/26.pdf,hcourt,FALSE,FALSE
790,comes from Murray v The Queen (2002)211 CLR 193; [2002]HCA,"26,",https://www.hcourt.gov.au/sites/default/files/eresources/2002/HCA/26.pdf,hcourt,FALSE,FALSE
797,174; see also Peters v The Queen (1998)192 CLR 493;,[1998]HCA 7).,https://www.hcourt.gov.au/sites/default/files/eresources/2025-10-16/HCA/Peters%20v%20R%20%28M6-97%29%20%5B1998%5D%20HCA%207.pdf,hcourt,FALSE,FALSE
797,"Williams [1988]1 Qd R 289, 295). In R v Mill","[2007]QCA 150,",http://archive.sclqld.org.au/qjudgment/2007/QCA07-150.pdf,sclqld,FALSE,FALSE
799,"(Qld) [1997]1 Qd R 333, 336). In R v Trieu","[2008]QCA 28,",http://archive.sclqld.org.au/qjudgment/2008/QCA08-028.pdf,sclqld,FALSE,FALSE
799,"in Stevens v The Queen (2005)227 CLR 319, 370, [160];",[2005]HCA 65;,https://www.hcourt.gov.au/sites/default/files/eresources/2005/HCA/65.pdf,hcourt,FALSE,FALSE
800,64; R v Coomer [2010]QCA 6. In R v Condon,"[2010]QCA 117,",http://archive.sclqld.org.au/qjudgment/2010/QCA10-117.pdf,sclqld,FALSE,FALSE
800,"was a misdirection. However, earlier decisions in R v Stuart",[2005]QCA 138,http://archive.sclqld.org.au/qjudgment/2005/QCA05-138.pdf,sclqld,FALSE,FALSE
800,in R v Stuart [2005]QCA 138 and R v Peachey,[2006]QCA 162(to,http://archive.sclqld.org.au/qjudgment/2006/QCA06-162.pdf,sclqld,FALSE,FALSE
800,suffice(‘injury of the kind in fact suffered’ (R v Stuart,"[2005]QCA 138,",http://archive.sclqld.org.au/qjudgment/2005/QCA05-138.pdf,sclqld,FALSE,FALSE
800,‘serious injuries similar to those actually incurred’ (R v Peachey,"[2006]QCA 162,",http://archive.sclqld.org.au/qjudgment/2006/QCA06-162.pdf,sclqld,FALSE,FALSE
800,approach was described as ‘arguably’ sufficient in R v Wardle,[2011]QCA 339.,http://archive.sclqld.org.au/qjudgment/2011/QCA11-339.pdf,sclqld,False,False
800,"In Irwin v The Queen (2018)262 CLR 626, 646 [51];","[2018]HCA 8,",https://www.hcourt.gov.au/sites/default/files/eresources/2018/HCA/8.pdf,hcourt,FALSE,FALSE
800,a direction. In Murray v The Queen (2002)211 CLR 193;,"[2002]HCA 26,",https://www.hcourt.gov.au/sites/default/files/eresources/2002/HCA/26.pdf,hcourt,FALSE,FALSE
800,193; [2002]HCA 26(below)and Stevens v The Queen (2005)227 CLR 319;,[2005]HCA 65).,https://www.hcourt.gov.au/sites/default/files/eresources/2005/HCA/65.pdf,hcourt,FALSE,FALSE
805,"raises a mistake of fact ‘defence’, see R v Makary",[2018]QCA 258(per,https://archive.sclqld.org.au/qjudgment/2018/QCA18-258.pdf,sclqld,FALSE,FALSE
805,deciding whether the Crown has negatived the defence(R v Rope,"[2010]QCA 194,",https://archive.sclqld.org.au/qjudgment/2010/QCA10-194.pdf,sclqld,FALSE,FALSE
805,to whether the defendant’s mistaken belief was honest(R v O’Loughlin,"[2011]QCA 123,",http://archive.sclqld.org.au/qjudgment/2011/QCA11-123.pdf,sclqld,FALSE,FALSE
805,whether a reasonable person would have held it)(R v Julian,[1998]QCA 119;,https://archive.sclqld.org.au/qjudgment/1998/QCA98-119.pdf,sclqld,FALSE,FALSE
805,also extensive discussion of the authorities in R v Rope,[2010]QCA 194).,http://archive.sclqld.org.au/qjudgment/2010/QCA10-194.pdf,sclqld,FALSE,FALSE
808,v Makary [2019]2 Qd R 528(see also R v FAV,"[2019]QCA 299,",https://archive.sclqld.org.au/qjudgment/2019/QCA19-299.pdf,sclqld,FALSE,FALSE
808,"JA), [45]-[48](Mullins JA)(Henry J dissenting at [108]-[111]); R v Kellett","[2020]QCA 199,",https://archive.sclqld.org.au/qjudgment/2020/QCA20-199.pdf,sclqld,FALSE,FALSE
809,honest belief that the complainant was consenting(see R v O’Loughlin,"[2011]QCA 123,",http://archive.sclqld.org.au/qjudgment/2011/QCA11-123.pdf,sclqld,FALSE,FALSE
810,a reasonable person would have held it(see R v Julian,[1998]QCA 119;,https://archive.sclqld.org.au/qjudgment/1998/QCA98-119.pdf,sclqld,FALSE,FALSE
815,also cited with approval by McMurdo P in R v,"Cutts [2005] QCA 306,",http://www8.austlii.edu.au/cgi-bin/viewdoc/au/cases/qld/QCA/2005/306.html?query=,austlii,FALSE,FALSE
815,"McMurdo JA, all members of the Court in R v","Kalisa [2024]QCA 198,",https://plus.lexis.com/apac/document/documentlink/?pdmfid=1539278&crid=203fbd3a-aea5-4339-94ff-d09a86eb021e&pddocfullpath=%2Fshared%2Fdocument%2Fcases-au%2Furn:contentItem:6D8B-JTD3-MB3C-T278-00000-00&pdcontentcomponentid=267708&pdproductcontenttypeid=urn:pct:170&pdiskwicview=false&pdpinpoint=&prid=b4c3838a-5650-4e9a-802c-275c5c2ad1de&ecomp=7g_ck,lexis,FALSE,FALSE
816,"it. (R v Julian (1998)100 A Crim R 430, 434;",[1998]QCA 119;,https://archive.sclqld.org.au/qjudgment/1998/QCA98-119.pdf,sclqld,False,False
826,is true. In Taiapa v The Queen (2009)240 CLR 95;,"[2009]HCA 53,",https://www.hcourt.gov.au/sites/default/files/eresources/2009/HCA/53.pdf,hcourt,FALSE,FALSE
826,construed strictly. In Pickering v The Queen (2017)260 CLR 151;,"[2017]HCA 17,",https://www.hcourt.gov.au/sites/default/files/eresources/2017/HCA/17.pdf,hcourt,FALSE,FALSE
830,is true. In Taiapa v The Queen (2009)240 CLR 95;,"[2009]HCA 53,",https://www.hcourt.gov.au/sites/default/files/eresources/2009/HCA/53.pdf,hcourt,FALSE,FALSE
830,construed strictly. In Pickering v The Queen (2017)260 CLR 151;,"[2017]HCA 17,",https://www.hcourt.gov.au/sites/default/files/eresources/2017/HCA/17.pdf,hcourt,FALSE,FALSE
835,s 1 of the Criminal Code. In R v Bartram,"[2013]QCA 361,",https://archive.sclqld.org.au/qjudgment/2013/QCA13-361.pdf,sclqld,FALSE,FALSE
836,belief referred to by s 267. See R v Cuskelly,[2009]QCA 375,http://archive.sclqld.org.au/qjudgment/2009/QCA09-375.pdf,sclqld,FALSE,FALSE
844,the issue should be left to the jury’(R v DCE,"[2024]QCA 165,",https://archive.sclqld.org.au/qjudgment/2024/QCA24-165.pdf,sclqld,FALSE,FALSE
844,the word‘act’but does not also qualify the word‘insult’(R v DCE,"[2024]QCA 165,",https://archive.sclqld.org.au/qjudgment/2024/QCA24-165.pdf,sclqld,FALSE,FALSE
844,which could not amount to provocation: s 268(3)(R v DCE,"[2024]QCA 165,",https://archive.sclqld.org.au/qjudgment/2024/QCA24-165.pdf,sclqld,FALSE,FALSE
844,circumstances will include the characteristics of the defendant(R v DCE,"[2024]QCA 165,",https://archive.sclqld.org.au/qjudgment/2024/QCA24-165.pdf,sclqld,FALSE,FALSE
850,circumstances will include the characteristics of the defendant(R v DCE,"[2024]QCA 165,",https://archive.sclqld.org.au/qjudgment/2024/QCA24-165.pdf,sclqld,False,False
856,statement of the Court of Appeal in R v Dean,[2009]QCA 309,http://archive.sclqld.org.au/qjudgment/2009/QCA09-309.pdf,sclqld,FALSE,FALSE
857,98 A Crim R 589; [1998]QCA 41; R v Greenwood,"[2002]QCA 360,",http://archive.sclqld.org.au/qjudgment/2002/QCA02-360.pdf,sclqld,FALSE,FALSE
895,Interaction of defence with party provisions In R v Tracy,[2024]QCA 19,https://anzlaw.thomsonreuters.com/Document/Ic8d28070cf8611eea4f4c0c40afe197b/View/FullText.html?transitionType=UniqueDocItem&contextData=(sc.Default)&userEnteredCitation=R+v+Tracy+%5b2024%5d+QCA+19&comp=wlau,thomsonreuters,FALSE,FALSE
918,the border controlled drug(see s 300.5 and R v Douglas,"[2014]QCA 104,",http://archive.sclqld.org.au/qjudgment/2014/QCA14-104.pdf,sclqld,FALSE,FALSE
922,"was aiding its importation. Thus, in R v Pastor Pastor",[2024]QCA 194,https://anzlaw.thomsonreuters.com/Document/Icc9597108cf011efaf09a53406c15bac/View/FullText.html?transitionType=Default&contextData=(sc.Default)&VR=3.0&RS=cblt1.0,thomsonreuters,FALSE,FALSE
930,element that applies is ‘intention’ (see also R v Razak,"[2012]QCA 244,",http://archive.sclqld.org.au/qjudgment/2012/QCA12-244.pdf,sclqld,FALSE,FALSE
930,"v Razak [2012]QCA 244, R v Jufri; R v Nasir",[2012]QCA 248).,http://archive.sclqld.org.au/qjudgment/2012/QCA12-248.pdf,sclqld,FALSE,FALSE
930,of a particular passenger is not decisive (R v Razak,[2012]QCA,http://archive.sclqld.org.au/qjudgment/2012/QCA12-244.pdf,sclqld,FALSE,FALSE
930,a particular passenger is not decisive (R v Razak [2012]QCA,"244,",http://archive.sclqld.org.au/qjudgment/2012/QCA12-244.pdf,sclqld,FALSE,FALSE
930,"[2012]QCA 244, [22]). See also R v Jufri; Rv Nasir","[2012]QCA 248,",http://archive.sclqld.org.au/qjudgment/2012/QCA12-248.pdf,sclqld,FALSE,FALSE
